StarbucksSeattle,47.5809,-122.316
StarbucksSF,37.5209,-122.334
StarbucksMoscow,55.752047,37.595242
StarbucksSeattle2,47.5869,-122.3368
StarbucksRioDeJaneiro,-22.923489,-43.234418
StarbucksSydney,-33.871843,151.206767